id;"user_id";"title";"author";"description";"still_there";"lat";"lng";"date";"confirmation_date"
25001;"11";"Cecil Creeping";"Telmo Miel";"";"1";"5.9058";"-58.842";"1551195017000";"1551195282000"
25002;"33";"Il Geometria";"Borondo";"";"1";"46.2817";"-95.0069";"1551195017000";"1551195255000"
25003;"54";"The and";"Dotmasters";"";"1";"-1.2023";"-51.0359";"1551195017000";"1551195135000"
25004;"14";"Mountain Efêmero";"Irony";"";"1";"19.2488";"20.0509";"1551195017000";"1551195121000"
25005;"85";"Nausée Reflexion";"Pablito Zago";"";"1";"-2.0109";"120.0267";"1551195017000";"1551195300000"
25006;"53";"Risveglio Rotation";"Tellas";"";"1";"-25.1606";"28.224";"1551195017000";"1551195053000"
25007;"25";"green Water";"Guido van Helten";"";"1";"-11.0648";"-67.8791";"1551195017000";"1551195043000"
25008;"45";"Magritte) Prosperity";"SETH Globepainter";"";"1";"40.5428";"68.9284";"1551195017000";"1551195381000"
25009;"19";"Toy crawling";"Jeff Soto";"";"1";"18.6243";"80.9035";"1551195017000";"1551195417000"
25010;"82";"up Butterfly";"Case MaClaim";"";"1";"22.0374";"39.3512";"1551195017000";"1551195283000"
25011;"33";"last Wall";"Okuda San Miguel";"";"1";"53.7738";"-119.9185";"1551195017000";"1551195330000"
25012;"71";"Artists muse";"Mr Cenz";"";"1";"39.2426";"-2.8029";"1551195017000";"1551195428000"
25013;"27";"Of Equality";"INO";"";"1";"-24.7169";"-52.3507";"1551195017000";"1551195275000"
25014;"93";"Imperishable For";"Pejac";"";"1";"27.0649";"80.9351";"1551195017000";"1551195250000"
25015;"57";"fly? Equality";"Bifido";"";"1";"51.9662";"-107.835";"1551195017000";"1551195180000"
25016;"48";"of the";"DANK";"";"1";"-29.9701";"131.9609";"1551195017000";"1551195362000"
25017;"91";"Day Birds";"Sepe and Chazme";"";"1";"16.9321";"-92.8053";"1551195017000";"1551195084000"
25018;"96";"Eagle The";"Zabou";"";"1";"-42.5157";"147.8893";"1551195017000";"1551195165000"
25019;"29";"4 Artists";"Fintan Magee";"";"1";"34.2831";"118.9517";"1551195017000";"1551195146000"
25020;"45";"fenicottero Trees";"Phlegm and Mum";"";"1";"32.8308";"69.4869";"1551195017000";"1551195490000"
25021;"41";"butterfly Rotation";"Herakut";"";"1";"37.032";"32.412";"1551195017000";"1551195411000"
25022;"99";"Story when";"Giulio Vespirini";"";"1";"53.0068";"35.3256";"1551195017000";"1551195099000"
25023;"3";"Behind Final";"Mr. THOMS";"";"1";"43.9353";"83.4912";"1551195017000";"1551195172000"
25024;"52";"In can";"Daniel Eime";"";"1";"-4.3061";"136.3524";"1551195017000";"1551195337000"
25025;"3";"The Fog";"Mr Cenz";"";"1";"18.2493";"32.7729";"1551195017000";"1551195184000"
25026;"29";"the Birds";"Bordalo II";"";"1";"-17.88";"126.3442";"1551195017000";"1551195180000"
25027;"29";"Fog Moving";"Guido van Helten";"";"1";"45.9018";"-75.4159";"1551195017000";"1551195117000"
25028;"12";"Rotation Reminiscence";"Man o Matic";"";"1";"37.9504";"-83.1058";"1551195017000";"1551195275000"
25029;"81";"Wake of";"INO";"";"1";"-2.6224";"119.9296";"1551195017000";"1551195282000"
25030;"20";"Insomnia Soho";"DANK";"";"1";"51.9842";"61.2989";"1551195017000";"1551195057000"
25031;"28";"Göteburg Golden";"Millo";"";"1";"43.6278";"116.5779";"1551195017000";"1551195367000"
25032;"62";"Huli Insomnia";"Aryz";"";"1";"-8.3837";"127.299";"1551195017000";"1551195297000"
25033;"8";"Streetoceros Baxteri";"Pablito Zago";"";"1";"-5.7328";"31.7306";"1551195017000";"1551195444000"
25034;"13";"Suvannamaccha Arctic";"INO";"";"1";"47.6749";"16.4356";"1551195017000";"1551195105000"
25035;"7";"Huli Zattera";"Agostino Iacurci";"";"1";"51.6028";"121.7817";"1551195017000";"1551195121000"
25036;"44";"Nelu butterfly";"Case MaClaim";"";"1";"-1.9105";"-56.7953";"1551195017000";"1551195497000"
25037;"35";"The Dog";"Zest";"";"1";"33.364";"65.4632";"1551195017000";"1551195453000"
25038;"12";"Meanwhile Shout";"Adnate";"";"1";"50.2426";"70.0859";"1551195018000";"1551195298000"
25039;"63";"One human";"Greg Gossel";"";"1";"45.5721";"129.4651";"1551195018000";"1551195311000"
25040;"80";"Clones Risveglio";"Guido van Helten";"";"1";"53.2";"53.5961";"1551195018000";"1551195509000"
25041;"99";"Seeker Moving";"Banksy";"";"1";"31.923";"44.6302";"1551195018000";"1551195182000"
25042;"43";"Seasons Final";"Telmo Miel and Pariz One";"";"1";"-25.0616";"121.1771";"1551195018000";"1551195160000"
25043;"2";"Efêmero The";"Airborne Mark";"";"1";"35.5456";"7.6296";"1551195018000";"1551195123000"
25044;"40";"Nausée Ronald’s";"Lonac";"";"1";"49.904";"62.3945";"1551195018000";"1551195391000"
25045;"99";"Zattera face";"Mue Bon";"";"1";"34.6361";"-109.1601";"1551195018000";"1551195256000"
25046;"46";"visionary Rotation";"Li-Hill";"";"1";"-22.3999";"125.0481";"1551195018000";"1551195408000"
25047;"4";"the Two";"Irony";"";"1";"31.967";"62.5397";"1551195018000";"1551195230000"
25048;"67";"Fog Birds";"Lonac";"";"1";"16.3025";"-22.9011";"1551195018000";"1551195380000"
25049;"17";"to My";"Martin Ron";"";"1";"16.588";"8.4987";"1551195018000";"1551195248000"
25050;"6";"LaBrea (Tribute";"Lonac";"";"1";"-15.1152";"-41.6284";"1551195018000";"1551195121000"
25051;"16";"Huli Ziggy";"Jimmy C";"";"1";"-34.8857";"116.7114";"1551195018000";"1551195217000"
25052;"57";"Incognito Madonna";"Sebas Velasco";"";"1";"32.8183";"-80.0484";"1551195018000";"1551195444000"
25053;"88";"Nitpicking with";"Bifido";"";"1";"11.5468";"29.7208";"1551195018000";"1551195193000"
25054;"95";"Göteburg Göteburg";"Mue Bon";"";"1";"-24.912";"22.9317";"1551195018000";"1551195239000"
25055;"6";"Wall Relics";"Remi Rough";"";"1";"50.1795";"84.5494";"1551195018000";"1551195312000"
25056;"87";"CAT MOUF";"Hopare";"";"1";"31.821";"70.5836";"1551195018000";"1551195152000"
25057;"72";"Jungle Nelu";"Os Gemeos";"";"1";"-24.5127";"19.5288";"1551195018000";"1551195137000"
25058;"7";"You Hell";"Alexis Diaz";"";"1";"48.6406";"-76.4057";"1551195018000";"1551195506000"
25059;"27";"The Efêmero";"Lonac";"";"1";"-1.8184";"-61.6427";"1551195018000";"1551195211000"
25060;"53";"in you";"Deih";"";"1";"-6.0325";"-67.0729";"1551195018000";"1551195467000"
25061;"46";"Tortoise Nausée";"Mue Bon";"";"1";"-16.6565";"35.2121";"1551195018000";"1551195226000"
25062;"16";"Efêmero Philos";"Dotmasters";"";"1";"43.3439";"43.3198";"1551195018000";"1551195328000"
25063;"72";"4 CAT";"Banksy";"";"1";"-13.071";"133.2415";"1551195018000";"1551195356000"
25064;"93";"Dismaland The";"Irony";"";"1";"39.6148";"96.2868";"1551195018000";"1551195493000"
25065;"21";"Taaniko Gemeos";"2501";"";"1";"-1.652";"38.3444";"1551195018000";"1551195228000"
25066;"38";"Translucent Pointless";"Phlegm and Mum";"";"1";"36.8561";"-81.0562";"1551195018000";"1551195129000"
25067;"52";"Nausée Rise";"Brusk";"";"1";"27.9853";"5.703";"1551195018000";"1551195336000"
25068;"83";"Adelphos City";"Phlegm";"";"1";"-20.3216";"-42.8577";"1551195018000";"1551195329000"
25069;"74";"Seeker Zattera";"Pejac";"";"1";"-9.364";"159.8464";"1551195018000";"1551195315000"
25070;"39";"Rotation and";"YASH";"";"1";"17.8426";"-96.2087";"1551195018000";"1551195369000"
25071;"23";"Scream Blue";"Greg Gossel";"";"1";"28.0595";"-0.8696";"1551195018000";"1551195504000"
25072;"68";"the Climb";"Dzia Krank";"";"1";"43.2383";"17.7273";"1551195018000";"1551195237000"
25073;"59";"Camouflage Rescue";"Hyuro";"";"1";"51.8425";"108.8579";"1551195018000";"1551195143000"
25074;"6";"my CAT";"SeaCreative";"";"1";"-8.4409";"-64.0798";"1551195018000";"1551195435000"
25075;"34";"Equality Act";"Sabek";"";"1";"1.6788";"-55.5009";"1551195018000";"1551195369000"
25076;"45";"Desert what";"Elementi Sotterranei";"";"1";"39.2749";"79.0294";"1551195018000";"1551195424000"
25077;"92";"in The";"Hopare";"";"1";"40.6972";"-1.9297";"1551195018000";"1551195116000"
25078;"72";"Catch Fog";"Bordalo II";"";"1";"-7.6495";"-74.1117";"1551195018000";"1551195403000"
25079;"22";"head visionary";"Aryz";"";"1";"-9.7589";"-50.1746";"1551195018000";"1551195498000"
25080;"13";"Rescue pair";"Nychos";"";"1";"44.9242";"62.3488";"1551195018000";"1551195137000"
25081;"41";"visionary Taaniko";"Hopare";"";"1";"25.0759";"-100.2559";"1551195018000";"1551195517000"
25082;"22";"Prosperity Harriet";"Lee Jeffries";"";"1";"45.5233";"86.3327";"1551195018000";"1551195354000"
25083;"20";"Water Smoke";"Dzia Krank";"";"1";"39.2345";"-107.6765";"1551195018000";"1551195362000"
25084;"73";"Stone Equality";"TARM";"";"1";"-12.4946";"24.4184";"1551195018000";"1551195083000"
25085;"38";"Equality Europe";"Cbloxx & AYLO of Nomad Clan";"";"1";"47.4995";"63.4314";"1551195018000";"1551195256000"
25086;"24";"Meanwhile .PRIMA.";"NeverCrew";"";"1";"-6.8751";"-67.9817";"1551195018000";"1551195367000"
25087;"98";"I Madonna";"Amok Island";"";"1";"41.7498";"94.7169";"1551195018000";"1551195439000"
25088;"67";"Geometria Ma?ana,";"Nafir";"";"1";"44.5188";"51.609";"1551195018000";"1551195271000"
25089;"72";"Kokesh Reminiscence";"Aryz";"";"1";"37.5191";"104.291";"1551195018000";"1551195394000"
25090;"2";"and Europe";"Millo";"";"1";"40.7778";"-119.8381";"1551195018000";"1551195277000"
25091;"61";"Launcher Meanwhile";"Eduardo Kobra";"";"1";"1.1988";"-66.8123";"1551195018000";"1551195083000"
25092;"62";"Artists Prosperity";"Martin Whatson";"";"1";"12.797";"-14.9616";"1551195018000";"1551195283000"
25093;"95";"on Rise";"Rone";"";"1";"17.0014";"9.1287";"1551195018000";"1551195312000"
25094;"28";"Under Rotation";"Jeroo";"";"1";"52.5082";"78.2223";"1551195018000";"1551195204000"
25095;"91";"Under -";"Johannes Mundinger";"";"1";"-34.262";"-67.2526";"1551195018000";"1551195071000"
25096;"40";"I To";"Evoca1";"";"1";"53.5346";"-97.6922";"1551195018000";"1551195410000"
25097;"45";"ends Earth";"Sainer";"";"1";"53.5309";"53.5129";"1551195018000";"1551195122000"
25098;"30";"Rise The";"WD aka Wild Drawing";"";"1";"21.0591";"-5.0248";"1551195018000";"1551195147000"
25099;"76";"Of Blind";"Jeroo";"";"1";"9.488";"31.5743";"1551195018000";"1551195047000"
25100;"23";"Integration of";"JAZ";"";"1";"-22.0391";"135.0425";"1551195018000";"1551195475000"
25101;"50";"Europe 100";"Ella & Pitr";"";"1";"-17.2058";"12.0263";"1551195018000";"1551195499000"
25102;"45";"Blue White";"SWAN";"";"1";"32.8007";"133.0551";"1551195018000";"1551195462000"
25103;"46";"Where Neighbour";"Sokar Uno";"";"1";"52.757";"-2.1957";"1551195018000";"1551195404000"
25104;"83";"Ronald’s Rise";"Alberonero";"";"1";"-1.3705";"-71.3761";"1551195018000";"1551195074000"
25105;"50";"Behind Rise";"Fintan Magee";"";"1";"44.5384";"17.1896";"1551195018000";"1551195148000"
25106;"5";"Rotation Imperishable";"Nychos";"";"1";"44.3815";"91.1091";"1551195018000";"1551195265000"
25107;"95";"The The";"INO";"";"1";"9.3261";"23.6769";"1551195018000";"1551195340000"
25108;"60";"Hell Seasons";"Pablito Zago";"";"1";"45.9533";"61.741";"1551195018000";"1551195184000"
25109;"39";"Risveglio Act";"Saner";"";"1";"52.0003";"-97.7383";"1551195018000";"1551195377000"
25110;"72";"Ginger Calais";"Mr Cenz";"";"1";"38.8601";"80.8339";"1551195018000";"1551195336000"
25111;"40";"& Where";"Pejac";"";"1";"28.5685";"-7.8207";"1551195018000";"1551195220000"
25112;"19";"we Blind";"Hopare";"";"1";"27.0547";"120.0284";"1551195018000";"1551195186000"
25113;"7";"you The";"Herakut";"";"1";"-2.5739";"12.281";"1551195018000";"1551195259000"
25114;"24";"Desert Sin";"Elementi Sotterranei";"";"1";"-5.821";"13.9667";"1551195018000";"1551195423000"
25115;"55";"Act green";"Eversiempre";"";"1";"50.1525";"97.1525";"1551195018000";"1551195247000"
25116;"74";"Inhuman humans";"Pantónio";"";"1";"29.6837";"105.9632";"1551195018000";"1551195371000"
25117;"53";"Zattera Fog";"Giulio Vespirini";"";"1";"24.6778";"91.0141";"1551195018000";"1551195087000"
25118;"1";"Stages For";"Elementi Sotterranei";"";"1";"8.4815";"-3.8735";"1551195018000";"1551195348000"
25119;"65";"dell'anima Homeless";"Dzia Krank";"";"1";"12.4426";"28.9575";"1551195018000";"1551195386000"
25120;"6";"Arctic Under";"Bifido";"";"1";"-8.9958";"-69.3941";"1551195018000";"1551195126000"
25121;"75";"Birds pond";"Mademoiselle Maurice";"";"1";"51.7577";"-74.3723";"1551195018000";"1551195135000"
25122;"85";"when are";"BLU";"";"1";"-23.7224";"-57.2906";"1551195018000";"1551195362000"
25123;"3";"Crumbling Exploding";"Hyuro";"";"1";"22.4998";"-11.8858";"1551195018000";"1551195478000"
25124;"84";"Inhuman Moving";"Nafir";"";"1";"54.9599";"78.4493";"1551195018000";"1551195431000"
25125;"58";"in barriers";"Gris1";"";"1";"26.7308";"46.8401";"1551195018000";"1551195510000"
25126;"85";"the Study";"Alexis Diaz";"";"1";"-1.3547";"-51.8509";"1551195018000";"1551195059000"
25127;"31";"What Story";"Remed";"";"1";"46.7485";"120.1917";"1551195018000";"1551195325000"
25128;"52";"Blind Suvannamaccha";"Etam Cru";"";"1";"30.0723";"92.6193";"1551195018000";"1551195092000"
25129;"78";"Clones give";"Herakut";"";"1";"9.0243";"99.8976";"1551195018000";"1551195105000"
25130;"83";"Dismaland 100";"James Bullough";"";"1";"23.2843";"34.7076";"1551195018000";"1551195512000"
25131;"53";"Geometria my";"Rone";"";"1";"39.3308";"77.4911";"1551195018000";"1551195049000"
25132;"54";"Blind Rescue";"SmugOne";"";"1";"44.5831";"-76.3191";"1551195018000";"1551195067000"
25133;"50";"Jungle Nitpicking";"Julia Volchkova";"";"1";"17.1439";"27.2946";"1551195018000";"1551195207000"
25134;"96";"Dismaland Cecil";"Rocket01";"";"1";"5.1802";"22.0408";"1551195018000";"1551195442000"
25135;"63";"Incognito Trees";"Millo";"";"1";"26.7085";"26.2638";"1551195018000";"1551195495000"
25136;"67";"green Final";"Wes21 & Onur";"";"1";"53.3483";"-125.8373";"1551195018000";"1551195355000"
25137;"65";"Nelu Zattera";"Bordalo II";"";"1";"47.5566";"9.393";"1551195018000";"1551195290000"
25138;"88";"- fenicottero";"Martin Ron";"";"1";"30.6799";"81.8075";"1551195018000";"1551195130000"
25139;"53";"Crumbling Search";"Nafir";"";"1";"29.4005";"35.8753";"1551195018000";"1551195283000"
25140;"29";"Suvannamaccha Clones";"Sebas Velasco and Xabier XTRM";"";"1";"47.7642";"52.375";"1551195018000";"1551195107000"
25141;"64";"The Calais";"Os Gemeos";"";"1";"48.8352";"-124.2001";"1551195018000";"1551195238000"
25142;"23";"give Eagle";"Li-Hill";"";"1";"48.1777";"-105.7134";"1551195018000";"1551195306000"
25143;"60";"Heaven Seeker";"Seth";"";"1";"-13.3366";"-41.749";"1551195018000";"1551195368000"
25144;"39";"Nitpicking Arctic";"Ella & Pitr";"";"1";"39.0813";"-1.4603";"1551195018000";"1551195480000"
25145;"59";"small Adelphos";"Okuda San Miguel";"";"1";"37.0449";"-105.2074";"1551195018000";"1551195466000"
25146;"88";"Reminiscence Nelu";"SHOK-1";"";"1";"51.4437";"97.9694";"1551195018000";"1551195280000"
25147;"91";"skull Birds";"Phlegm";"";"1";"-1.6295";"-56.1206";"1551195018000";"1551195071000"
25148;"66";"Relics The";"Pejac";"";"1";"2.2493";"-60.6212";"1551195018000";"1551195384000"
25149;"68";"The Jack";"AweR";"";"1";"-0.8211";"-64.8551";"1551195018000";"1551195416000"
25150;"19";"artist American";"Levalet";"";"1";"54.8654";"65.3963";"1551195018000";"1551195359000"
25151;"97";"Europe Search";"Johannes Mundinger";"";"1";"-27.0519";"147.6982";"1551195018000";"1551195513000"
25152;"20";"Homeless Blue";"Jorit Agoch";"";"1";"30.8671";"1.0716";"1551195018000";"1551195337000"
25153;"33";"Insomnia Zattera";"Brusk";"";"1";"42.8029";"-116.138";"1551195018000";"1551195123000"
25154;"40";"Emma Dismaland";"Aryz";"";"1";"-5.211";"18.1487";"1551195018000";"1551195413000"
25155;"73";"Wings Toy";"Man o Matic";"";"1";"30.3264";"8.5138";"1551195018000";"1551195192000"
25156;"59";"the Love";"Ella & Pitr";"";"1";"-16.8291";"29.7894";"1551195018000";"1551195163000"
25157;"86";"Likeism Balancing";"Strøk";"";"1";"12.5661";"-9.7033";"1551195018000";"1551195362000"
25158;"36";"Half White";"Sainer";"";"1";"50.4301";"66.8719";"1551195018000";"1551195089000"
25159;"80";"speaks, Ripper";"Case MaClaim";"";"1";"30.4179";"108.6536";"1551195018000";"1551195503000"
25160;"47";"Jungle Love";"SHOK-1";"";"1";"-0.0891";"-62.4359";"1551195018000";"1551195425000"
25161;"97";"Light Don’t";"Etam Cru";"";"1";"-6.6811";"-57.7736";"1551195018000";"1551195053000"
25162;"26";"Incognito Insomnia";"Banksy";"";"1";"17.8506";"74.0112";"1551195018000";"1551195388000"
25163;"8";"fish The";"BIK ISMO";"";"1";"30.0102";"-6.6738";"1551195018000";"1551195112000"
25164;"76";"the Translucent";"Wes21 & Onur";"";"1";"48.5529";"118.997";"1551195018000";"1551195316000"
25165;"87";"Clones CAT";"1010";"";"1";"-13.392";"-46.9573";"1551195018000";"1551195111000"
25166;"52";"Stardust Zattera";"Os Gemeos";"";"1";"30.4246";"101.0986";"1551195018000";"1551195393000"
25167;"34";"Homeless Water";"Herakut";"";"1";"-15.6052";"21.5724";"1551195018000";"1551195335000"
25168;"19";"Kokesh Stardust";"Pantónio";"";"1";"41.2643";"15.556";"1551195018000";"1551195345000"
25169;"23";"Jack Birds";"Pejac";"";"1";"52.0749";"91.3964";"1551195018000";"1551195326000"
25170;"24";"Soho you";"Pejac";"";"1";"5.5929";"-53.5285";"1551195018000";"1551195239000"
25171;"30";"Relics of";"Seth Globepainter";"";"1";"-13.5124";"20.8844";"1551195018000";"1551195328000"
25172;"20";"Wall One";"Herakut";"";"1";"-22.8762";"131.2819";"1551195018000";"1551195165000"
25173;"32";"Geometria Suvannamaccha";"Nomad Clan";"";"1";"-2.8397";"137.5678";"1551195018000";"1551195332000"
25174;"66";"Launcher Meanwhile";"Fintan Magee";"";"1";"53.8463";"112.1383";"1551195018000";"1551195147000"
25175;"72";"Crumbling Nelu";"Zabou";"";"1";"35.0509";"112.3314";"1551195018000";"1551195303000"
25176;"93";"Seeker The";"Hyuro";"";"1";"46.9634";"19.2507";"1551195018000";"1551195375000"
25177;"33";"listens Il";"Artez and Nikola Mihajlovic";"";"1";"53.2538";"13.2865";"1551195018000";"1551195216000"
25178;"71";"Big Early";"BIK ISMO";"";"1";"25.0332";"109.7911";"1551195018000";"1551195485000"
25179;"74";"Crumbling Equality";"Sainer";"";"1";"13.1414";"-14.498";"1551195018000";"1551195261000"
25180;"55";"In One";"Wes21 & Onur";"";"1";"49.1142";"138.8638";"1551195018000";"1551195118000"
25181;"43";"Town Crumbling";"Hilda Palafox";"";"1";"29.0475";"112.8441";"1551195018000";"1551195429000"
25182;"92";"Zattera Zattera";"Pastel";"";"1";"45.8527";"84.8656";"1551195018000";"1551195312000"
25183;"81";"Launcher The";"Banksy";"";"1";"-28.1844";"-67.5162";"1551195018000";"1551195442000"
25184;"93";"Homeless The";"Anet Ronen";"";"1";"4.7034";"103.1969";"1551195018000";"1551195149000"
25185;"50";"Madonna pistola";"DANK";"";"1";"6.0909";"-60.7172";"1551195018000";"1551195383000"
25186;"89";"Sin Final";"Telmo Miel and Pariz One";"";"1";"-22.6338";"140.8455";"1551195018000";"1551195132000"
25187;"74";"Risveglio pistola";"WD aka Wild Drawing";"";"1";"7.6066";"24.2949";"1551195018000";"1551195059000"
25188;"52";"international Guard";"SHOK-1";"";"1";"-31.21";"135.7086";"1551195018000";"1551195211000"
25189;"84";"You Nitpicking";"Gris1";"";"1";"52.7791";"127.0867";"1551195018000";"1551195512000"
25190;"42";"Mountain Mountain";"Guido Van Helten";"";"1";"15.8829";"-84.4304";"1551195018000";"1551195261000"
25191;"51";"Mother’s Big";"SWAN";"";"1";"43.1215";"-103.3105";"1551195018000";"1551195291000"
25192;"88";"My The";"Sebas Velasco";"";"1";"27.9579";"88.2861";"1551195018000";"1551195188000"
25193;"24";"Nelu Equality";"Guido van Helten";"";"1";"17.8603";"76.8969";"1551195018000";"1551195430000"
25194;"42";".PRIMA. The";"Okuda";"";"1";"19.2578";"10.4162";"1551195018000";"1551195498000"
25195;"92";"Taaniko Fog";"Anet Ronen";"";"1";"43.6207";"-95.8377";"1551195018000";"1551195157000"
25196;"91";"only Calais";"Millo";"";"1";"43.7127";"134.8403";"1551195018000";"1551195400000"
25197;"6";"Inhuman Antipodes";"Jorit Agoch";"";"1";"10.1393";"40.0737";"1551195018000";"1551195070000"
25198;"100";"Dream Mother’s";"Jace";"";"1";"-25.8514";"134.5085";"1551195018000";"1551195267000"
25199;"70";"Never Homeless";"AnimalitoLand";"";"1";"51.9121";"132.9248";"1551195018000";"1551195338000"
25200;"47";"Streetoceros Geometria";"Sepe and Chazme";"";"1";"46.0852";"69.1079";"1551195018000";"1551195262000"
25201;"69";"Una Two";"Apolo Torres";"";"1";"42.1098";"66.6385";"1551195018000";"1551195239000"
25202;"74";"Europe &";"Apolo Torres";"";"1";"51.3941";"6.9623";"1551195018000";"1551195513000"
25203;"67";"fish Desert";"Gola Hundun";"";"1";"11.3205";"78.6323";"1551195018000";"1551195386000"
25204;"97";"The 100";"Julia Volchkova";"";"1";"25.4127";"-12.4827";"1551195018000";"1551195172000"
25205;"86";"Artists Big";"Sebas Velasco and Xabier XTRM";"";"1";"-28.1489";"-49.4877";"1551195018000";"1551195201000"
25206;"10";"Reminiscence Soho";"Bordalo II";"";"1";"-1.0333";"131.9492";"1551195018000";"1551195396000"
25207;"5";"the the";"Brusk";"";"1";"-16.7567";"20.175";"1551195018000";"1551195076000"
25208;"67";"Yorick’s the";"Phlegm and Mum";"";"1";"27.987";"100.1174";"1551195018000";"1551195466000"
25209;"95";"Rotation Likeism";"Mirco Marcacci";"";"1";"10.8771";"-10.9945";"1551195018000";"1551195326000"
25210;"35";"Grow we";"Dzia Krank";"";"1";"-11.427";"39.95";"1551195018000";"1551195511000"
25211;"43";"Crumbling Prosperity";"Eduardo Kobra";"";"1";"48.503";"4.5708";"1551195018000";"1551195503000"
25212;"32";".PRIMA. Six";"Li-Hill";"";"1";"-23.7476";"125.4059";"1551195018000";"1551195154000"
25213;"82";"Dismaland To";"Alexandre Keto";"";"1";"42.6166";"-101.5986";"1551195018000";"1551195100000"
25214;"15";"Il 100";"Martin Ron";"";"1";"-17.9597";"-63.5466";"1551195018000";"1551195358000"
25215;"5";"Smoke The";"Irony";"";"1";"10.264";"77.7742";"1551195018000";"1551195055000"
25216;"68";"dell'anima Moving";"Levalet";"";"1";"-12.8058";"-61.9253";"1551195018000";"1551195138000"
25217;"53";"Homeless Kokesh";"Zabou";"";"1";"-5.4995";"142.8024";"1551195018000";"1551195494000"
25218;"79";"One Adelphos";"Guido Van Helten";"";"1";"-30.7628";"148.0838";"1551195018000";"1551195077000"
25219;"80";"Water con";"Gola Hundun";"";"1";"8.4003";"8.9981";"1551195018000";"1551195459000"
25220;"65";"the Big";"Evoca1";"";"1";"19.132";"55.4247";"1551195018000";"1551195280000"
25221;"85";"Blind pistola";"INO";"";"1";"-29.1159";"142.8904";"1551195018000";"1551195103000"
25222;"11";"In Philos";"Jayn";"";"1";"51.8768";"12.1604";"1551195018000";"1551195315000"
25223;"16";"The Under";"Hilda Palafox";"";"1";"43.1726";"-80.1367";"1551195018000";"1551195113000"
25224;"71";"The Don’t";"INO";"";"1";"-21.5235";"-45.6794";"1551195018000";"1551195505000"
25225;"41";"Sweetest Love";"INO";"";"1";"-20.2149";"164.2158";"1551195018000";"1551195089000"
25226;"54";"Of human";"Borondo";"";"1";"9.5514";"-0.1022";"1551195018000";"1551195080000"
25227;"29";"the Jungle";"Gola Hundun";"";"1";"12.7429";"0.5444";"1551195018000";"1551195266000"
25228;"5";"Europe Samurai";"Above";"";"1";"-15.2908";"-60.4572";"1551195018000";"1551195380000"
25229;"11";"Blue MOUF";"Dulk";"";"1";"1.3935";"-68.2585";"1551195018000";"1551195273000"
25230;"18";"Magritte) Nelu";"Bisser";"";"1";"52.0979";"59.9872";"1551195018000";"1551195295000"
25231;"59";"Blue Blind";"Suso33";"";"1";"51.9273";"32.567";"1551195018000";"1551195182000"
25232;"24";"The Risveglio";"Mademoiselle Maurice";"";"1";"10.4998";"-85.7744";"1551195018000";"1551195431000"
25233;"67";"with Medusa";"Zabou";"";"1";"49.9684";"85.7257";"1551195018000";"1551195464000"
25234;"22";"the visionary";"TARM";"";"1";"-10.3973";"-55.315";"1551195018000";"1551195084000"
25235;"30";"Homeless visionary";"Tellas";"";"1";"46.8261";"118.5273";"1551195018000";"1551195318000"
25236;"10";"Rise All";"Artez and Nikola Mihajlovic";"";"1";"-25.2994";"140.2757";"1551195018000";"1551195069000"
25237;"96";"Rest Efêmero";"Zabou";"";"1";"13.1363";"24.1544";"1551195018000";"1551195438000"
25238;"14";"Equality Ziggy";"BIK ISMO";"";"1";"40.9621";"115.6682";"1551195018000";"1551195177000"
25239;"87";"Moving City";"Os Gemeos";"";"1";"13.9477";"-13.4802";"1551195018000";"1551195392000"
25240;"10";"CAT Balancing";"Alexis Diaz";"";"1";"35.1533";"45.3097";"1551195018000";"1551195353000"
25241;"43";"Mother’s of";"WD aka Wild Drawing";"";"1";"40.1601";"96.6066";"1551195018000";"1551195118000"
25242;"27";"That and";"Banksy";"";"1";"-10.7096";"-68.0382";"1551195018000";"1551195489000"
25243;"51";"4 Rescue";"Cbloxx & AYLO of Nomad Clan";"";"1";"4.7275";"-66.762";"1551195018000";"1551195317000"
25244;"93";"cultures Fog";"Mademoiselle Maurice";"";"1";"49.171";"68.2197";"1551195018000";"1551195063000"
25245;"91";"Heaven Owl";"Banksy";"";"1";"29.0835";"-112.1892";"1551195018000";"1551195070000"
25246;"98";"Final Rotation";"Case MaClaim";"";"1";"-19.043";"122.4651";"1551195018000";"1551195182000"
25247;"71";"the Eagle";"Nychos";"";"1";"17.3056";"44.2112";"1551195018000";"1551195091000"
25248;"93";"All Dog";"JAZ";"";"1";"23.4083";"-8.0346";"1551195018000";"1551195301000"
25249;"91";"own One";"Jorit Agoch";"";"1";"-30.4543";"-53.9722";"1551195018000";"1551195173000"
25250;"92";"Insomnia All";"Evoca1";"";"1";"-7.1962";"37.1376";"1551195018000";"1551195164000"
25251;"94";"Incognito Incognito";"Adnate";"";"1";"-29.5083";"150.5248";"1551195018000";"1551195330000"
25252;"68";"Mother’s Meanwhile";"Zest";"";"1";"17.7256";"1.0012";"1551195018000";"1551195430000"
25253;"1";"last dell'anima";"SeaCreative";"";"1";"47.5136";"121.3908";"1551195018000";"1551195261000"
25254;"14";"Likeism Water";"Okuda";"";"1";"-21.4356";"47.6425";"1551195018000";"1551195254000"
25255;"34";"Sunrise Blind";"Amok Island";"";"1";"-11.8444";"-48.1798";"1551195018000";"1551195398000"
25256;"85";"Flower Time";"Giulio Vespirini";"";"1";"-39.356";"-67.8809";"1551195018000";"1551195213000"
25257;"41";"Nausée in";"Irony";"";"1";"34.4898";"-112.5989";"1551195018000";"1551195287000"
25258;"12";"Ziggy //";"Lonac";"";"1";"26.8263";"18.263";"1551195018000";"1551195237000"
25259;"4";"Sin Rain";"Case MaClaim";"";"1";"-7.6655";"22.4507";"1551195018000";"1551195178000"
25260;"32";"Balancing Crumbling";"Low Bros";"";"1";"50.0879";"36.4175";"1551195018000";"1551195078000"
25261;"97";"Climb green";"Li-Hill";"";"1";"38.9493";"28.4376";"1551195018000";"1551195118000"
25262;"19";"the of";"Brusk";"";"1";"49.9784";"-109.8913";"1551195018000";"1551195148000"
25263;"61";"After Discovery";"Mademoiselle Maurice";"";"1";"42.6104";"-112.9504";"1551195018000";"1551195420000"
25264;"37";"Reminiscence Fog";"MadC";"";"1";"30.8687";"-83.6817";"1551195018000";"1551195441000"
25265;"92";"Fog Reminiscence";"RONE";"";"1";"50.0022";"-121.8621";"1551195018000";"1551195320000"
25266;"39";"Totoro Relics";"Jace";"";"1";"-19.0493";"13.051";"1551195018000";"1551195318000"
25267;"83";"speaks, Blind";"DANK";"";"1";"53.1742";"-61.3433";"1551195018000";"1551195435000"
25268;"72";"of Act";"Levalet";"";"1";"41.3916";"-93.9858";"1551195018000";"1551195428000"
25269;"50";"Stages fish";"Muretz";"";"1";"26.841";"-4.0867";"1551195018000";"1551195253000"
25270;"94";"Insomnia Story";"Li-Hill";"";"1";"39.8074";"104.3575";"1551195018000";"1551195056000"
25271;"45";"In LaBrea";"Dulk";"";"1";"50.3087";"-92.4108";"1551195018000";"1551195265000"
25272;"72";"Reflexion the";"SWAN";"";"1";"47.5161";"32.5924";"1551195018000";"1551195114000"
25273;"23";"Prosperity Butterfly";"David Walker";"";"1";"34.0623";"-82.8368";"1551195018000";"1551195331000"
25274;"91";"Rest Suvannamaccha";"Mr. Blob and Korvo";"";"1";"-7.6189";"15.3221";"1551195018000";"1551195126000"
25275;"1";"Incognito Reflexion";"Dzia Krank";"";"1";"36.2518";"36.2577";"1551195018000";"1551195280000"
25276;"52";"White Lion";"Johannes Mundinger";"";"1";"35.9189";"-75.9241";"1551195018000";"1551195330000"
25277;"97";"Love Kokesh";"Li-Hill";"";"1";"37.1724";"109.2555";"1551195018000";"1551195434000"
25278;"30";"Incognito Nelu";"Daniel Eime";"";"1";"27.8583";"56.932";"1551195018000";"1551195408000"
25279;"43";"Jack Nelu";"Airborne Mark";"";"1";"23.0567";"-13.3981";"1551195018000";"1551195252000"
25280;"22";"Smoke Water";"Remi Rough";"";"1";"51.1839";"-72.2008";"1551195018000";"1551195139000"
25281;"11";"Emma the";"JAZ";"";"1";"-23.4917";"-59.4112";"1551195018000";"1551195180000"
25282;"54";"Nelu Insomnia";"Remed";"";"1";"52.9327";"27.7745";"1551195018000";"1551195397000"
25283;"37";"Nitpicking Jungle";"Fintan Magee";"";"1";"28.4844";"-0.8825";"1551195018000";"1551195164000"
25284;"54";"Golden American";"MadC";"";"1";"39.7011";"30.378";"1551195018000";"1551195312000"
25285;"80";"you The";"Mr. THOMS";"";"1";"22.2417";"71.5292";"1551195018000";"1551195181000"
25286;"93";"I Zattera";"Telmo Miel";"";"1";"42.4958";"115.5358";"1551195018000";"1551195319000"
25287;"37";"Name Streetoceros";"Tellas";"";"1";"-20.7355";"130.4709";"1551195018000";"1551195171000"
25288;"64";"Meanwhile Arctic";"Tellas";"";"1";"53.9215";"-127.231";"1551195018000";"1551195274000"
25289;"46";"Water Equality";"Brusk";"";"1";"3.2033";"46.1872";"1551195018000";"1551195051000"
25290;"1";"Prosperity Love";"Wes21 & Onur";"";"1";"45.1207";"123.71";"1551195018000";"1551195515000"
25291;"90";"Meanwhile .PRIMA.";"Greg Mike";"";"1";"-15.1673";"168.1177";"1551195018000";"1551195124000"
25292;"85";"Seeker Seeker";"AnimalitoLand";"";"1";"36.7687";"-118.4668";"1551195018000";"1551195233000"
25293;"8";"Streetoceros All";"Dulk";"";"1";"-24.479";"28.3183";"1551195018000";"1551195412000"
25294;"62";"our Man";"Pablito Zago";"";"1";"11.1749";"31.8559";"1551195018000";"1551195039000"
25295;"54";"with Rise";"Lonac";"";"1";"38.5986";"104.7229";"1551195018000";"1551195493000"
25296;"40";"Exploding when";"Pantónio";"";"1";"54.002";"-128.1581";"1551195018000";"1551195059000"
25297;"24";"Respect if";"Johannes Mundinger";"";"1";"-24.0171";"147.4951";"1551195018000";"1551195384000"
25298;"94";"Clones Quarry";"NeverCrew";"";"1";"36.2679";"54.2234";"1551195018000";"1551195110000"
25299;"94";"René the";"Fintan Magee";"";"1";"19.0665";"81.2034";"1551195018000";"1551195501000"
25300;"80";"Rest Kind";"Hopare";"";"1";"51.2229";"-64.5205";"1551195018000";"1551195497000"
25301;"8";"Behind Mountain";"Bifido";"";"1";"-7.3427";"-65.7237";"1551195018000";"1551195195000"
25302;"39";"Jungle of";"YASH";"";"1";"54.2616";"126.2746";"1551195018000";"1551195375000"
25303;"59";"Day visionary";"Giulio Vespirini";"";"1";"48.8399";"-74.4361";"1551195018000";"1551195483000"
25304;"25";"Soho Women";"Pejac";"";"1";"38.33";"97.3712";"1551195018000";"1551195369000"
25305;"19";"Kokesh Antipodes";"Jayn";"";"1";"42.7889";"-1.6499";"1551195018000";"1551195424000"
25306;"32";"I Efêmero";"Hopare";"";"1";"-3.2058";"105.0147";"1551195018000";"1551195227000"
25307;"44";"Early Blind";"Evoca1";"";"1";"46.3485";"24.7464";"1551195018000";"1551195141000"
25308;"32";"Stone fall?";"Aaron Li-Hill";"";"1";"22.8567";"5.1731";"1551195018000";"1551195480000"
25309;"46";"Future Homeless";"James Bullough";"";"1";"-20.8927";"129.3229";"1551195018000";"1551195099000"
25310;"68";"Fall Totoro";"SHOK-1";"";"1";"0.2403";"21.8923";"1551195018000";"1551195316000"
25311;"65";"Nausée Grow";"Nychos";"";"1";"38.0182";"33.9741";"1551195018000";"1551195294000"
25312;"5";"the Nitpicking";"Corn79";"";"1";"37.9504";"73.8964";"1551195018000";"1551195446000"
25313;"91";"Fog Fleet";"Low Bros";"";"1";"36.2814";"8.6626";"1551195018000";"1551195461000"
25314;"35";"perception cultures";"Telmo Miel";"";"1";"-38.7862";"-69.2951";"1551195018000";"1551195344000"
25315;"35";"Blind Impact";"Hilda Palafox";"";"1";"0.6383";"28.3239";"1551195018000";"1551195272000"
25316;"56";"Fog Rise";"Alex Senna";"";"1";"31.7603";"-100.5505";"1551195018000";"1551195272000"
25317;"23";".PRIMA. Mountain";"Agostino Iacurci";"";"1";"46.402";"-108.6679";"1551195018000";"1551195062000"
25318;"92";"To Clones";"NeverCrew";"";"1";"-18.3283";"131.8962";"1551195018000";"1551195309000"
25319;"80";"donna Mountain";"Nafir";"";"1";"-12.3532";"-59.1428";"1551195018000";"1551195104000"
25320;"83";"Fog Save";"Fintan Magee";"";"1";"-45.2852";"170.6585";"1551195018000";"1551195108000"
25321;"54";"terrorism The";"David MEGGS Hooke";"";"1";"13.6651";"15.1964";"1551195018000";"1551195482000"
25322;"82";"The Risveglio";"Seth";"";"1";"53.7559";"135.3562";"1551195018000";"1551195385000"
25323;"63";"My Rotation";"Hopare";"";"1";"3.4366";"29.6793";"1551195018000";"1551195516000"
25324;"61";"Act Huli";"Low Bros";"";"1";"32.8002";"-112.3633";"1551195018000";"1551195049000"
25325;"41";"Integration Reminiscence";"Fintan Magee";"";"1";"15.2012";"-84.3432";"1551195018000";"1551195043000"
25326;"70";"Cruel Medusa";"Wes21 & Onur";"";"1";"49.0411";"-94.5487";"1551195018000";"1551195425000"
25327;"30";"Nelu Town";"Giulio Vespirini";"";"1";"43.09";"70.8569";"1551195018000";"1551195142000"
25328;"32";"Adelphos Inhuman";"SETH Globepainter";"";"1";"5.5972";"6.2211";"1551195018000";"1551195297000"
25329;"29";"Suvannamaccha Catch";"Pejac";"";"1";"-32.5245";"122.7009";"1551195018000";"1551195293000"
25330;"80";"Philos Inhuman";"SmugOne";"";"1";"11.3466";"22.3051";"1551195018000";"1551195373000"
25331;"59";"of Seasons";"Eduardo Kobra";"";"1";"30.5934";"-3.9693";"1551195018000";"1551195330000"
25332;"35";"Insomnia if";"Dourone";"";"1";"36.1287";"117.9817";"1551195018000";"1551195373000"
25333;"25";"Rotation when";"JAZ";"";"1";"48.8791";"74.2013";"1551195018000";"1551195436000"
25334;"17";"visionary The";"BEZT";"";"1";"36.0265";"58.4556";"1551195018000";"1551195223000"
25335;"30";"Scream Stone";"Rustam QBic";"";"1";"-27.0269";"139.2751";"1551195018000";"1551195397000"
25336;"13";"Catch Streetoceros";"Man o Matic";"";"1";"48.7874";"-70.9871";"1551195018000";"1551195190000"
25337;"31";"Clones Antipodes";"WD aka Wild Drawing";"";"1";"-33.65";"138.621";"1551195018000";"1551195290000"
25338;"5";"we The";"Johannes Mundinger";"";"1";"46.6888";"-81.3176";"1551195018000";"1551195383000"
25339;"72";"Yorick’s Prosperity";"Sean Yoro aka Hula";"";"1";"19.5858";"18.4587";"1551195018000";"1551195190000"
25340;"23";"Respect Rain";"Deih";"";"1";"26.2602";"113.0063";"1551195018000";"1551195475000"
25341;"28";"Big the";"DANK";"";"1";"44.8844";"5.8084";"1551195018000";"1551195193000"
25342;"24";"Rescue Evening";"INO";"";"1";"-24.0801";"121.0516";"1551195018000";"1551195196000"
25343;"80";"To Arctic";"Alex Senna";"";"1";"-18.05";"131.6415";"1551195018000";"1551195397000"
25344;"20";"Homeless Stone";"Jeroo";"";"1";"-25.707";"126.9291";"1551195018000";"1551195043000"
25345;"74";"Nelu dell'anima";"Pixel Pancho";"";"1";"2.1783";"43.732";"1551195018000";"1551195219000"
25346;"29";"Birds The";"Violant";"";"1";"50.3915";"-69.6516";"1551195018000";"1551195164000"
25347;"35";"Doll Nelu";"Telmo Miel";"";"1";"35.2259";"42.8549";"1551195018000";"1551195099000"
25348;"57";"Quarry Climb";"Greg Gossel";"";"1";"39.0729";"-79.2652";"1551195018000";"1551195481000"
25349;"58";"That skull";"Etam Cru";"";"1";"54.1896";"110.1892";"1551195018000";"1551195093000"
25350;"48";"Doll Rotation";"Nomad Clan";"";"1";"3.8241";"15.6147";"1551195018000";"1551195421000"
25351;"84";"Fog Jack";"SeaCreative";"";"1";"46.0521";"103.0125";"1551195018000";"1551195143000"
25352;"73";"Philos Meanwhile";"Guido van Helten";"";"1";"20.3083";"29.6976";"1551195018000";"1551195354000"
25353;"89";"Flower &";"Pastel";"";"1";"33.2564";"129.9386";"1551195018000";"1551195218000"
25354;"51";"Clones Kokesh";"Dzia Krank";"";"1";"41.9659";"85.8896";"1551195018000";"1551195405000"
25355;"18";"dell'anima Taaniko";"Banksy";"";"1";"-19.6207";"136.1762";"1551195018000";"1551195322000"
25356;"83";"green Homeless";"Irony";"";"1";"18.0148";"-7.0004";"1551195018000";"1551195503000"
25357;"32";"barriers Story";"Hyuro";"";"1";"28.7821";"38.8193";"1551195018000";"1551195462000"
25358;"43";"Save Blind";"Nychos";"";"1";"52.7269";"-68.5911";"1551195018000";"1551195161000"
25359;"38";"Any The";"Bifido";"";"1";"-20.0127";"13.2409";"1551195018000";"1551195046000"
25360;"91";"Kokesh Respect";"Jorit Agoch";"";"1";"34.5488";"131.8316";"1551195018000";"1551195278000"
25361;"64";"Mother’s Balancing";"Phlegm";"";"1";"12.3659";"2.1008";"1551195018000";"1551195111000"
25362;"65";"Efêmero Meanwhile";"DANK";"";"1";"42.5495";"72.6108";"1551195018000";"1551195478000"
25363;"47";"Kokesh My";"Jayn";"";"1";"22.0337";"-101.6185";"1551195018000";"1551195452000"
25364;"98";"Love Meanwhile";"Millo";"";"1";"51.5504";"70.1133";"1551195018000";"1551195121000"
25365;"96";"dell'anima we";"Pejac";"";"1";"50.1004";"48.7183";"1551195018000";"1551195097000"
25366;"14";"Homeless fenicottero";"Dzia Krank";"";"1";"26.0644";"79.4358";"1551195018000";"1551195326000"
25367;"85";"Never Two";"Nychos";"";"1";"-21.5668";"19.2511";"1551195018000";"1551195240000"
25368;"8";"Balancing the";"Martin Whatson";"";"1";"46.4176";"-62.3849";"1551195018000";"1551195064000"
25369;"60";"Water Sin";"Levalet";"";"1";"50.0098";"132.8213";"1551195018000";"1551195312000"
25370;"45";"Cruel Trees";"Brusk";"";"1";"49.3415";"20.3596";"1551195018000";"1551195237000"
25371;"25";"The Keep";"Telmo Miel and Pariz One";"";"1";"23.5736";"79.9837";"1551195018000";"1551195244000"
25372;"85";".PRIMA. muse";"Fintan Magee";"";"1";"19.2006";"43.856";"1551195018000";"1551195108000"
25373;"56";"Early .PRIMA.";"Hula";"";"1";"-19.3656";"31.6887";"1551195018000";"1551195187000"
25374;"96";"Sweetest Taaniko";"Bisser";"";"1";"-26.5223";"-49.6909";"1551195018000";"1551195258000"
25375;"71";"Saw Risveglio";"Sean Yoro aka Hula";"";"1";"19.4375";"6.2158";"1551195018000";"1551195186000"
25376;"55";"Big Incognito";"Nychos";"";"1";"20.2353";"49.5234";"1551195018000";"1551195307000"
25377;"21";"Listening Trees";"YASH";"";"1";"47.5088";"106.6281";"1551195018000";"1551195505000"
25378;"17";"Calais Rotation";"INO";"";"1";"38.0104";"-97.0359";"1551195018000";"1551195364000"
25379;"58";"of Just";"NeverCrew";"";"1";"46.3536";"72.5103";"1551195018000";"1551195426000"
25380;"20";"are Just";"Rustam QBic";"";"1";"-49.1415";"70.2361";"1551195018000";"1551195048000"
25381;"41";"me When";"Guido van Helten";"";"1";"2.5601";"-59.9906";"1551195018000";"1551195197000"
25382;"81";"Medusa in";"Lonac";"";"1";"28.8282";"14.1725";"1551195018000";"1551195060000"
25383;"46";"Mountain Baxteri";"Millo";"";"1";"-13.0905";"-60.9132";"1551195018000";"1551195143000"
25384;"13";"by After";"Alberonero";"";"1";"-11.5055";"21.9349";"1551195018000";"1551195464000"
25385;"81";"Incognito Nausée";"Borondo";"";"1";"-4.211";"23.1884";"1551195018000";"1551195215000"
25386;"67";"Homeless Nelu";"Elementi Sotterranei";"";"1";"46.1599";"-103.9759";"1551195018000";"1551195424000"
25387;"58";"Dog Prosperity";"Rocket01";"";"1";"-30.5203";"25.5276";"1551195018000";"1551195273000"
25388;"26";"Balancing Nausée";"Bordalo II";"";"1";"-18.0243";"-50.3242";"1551195018000";"1551195136000"
25389;"32";"Future Final";"Martin Whatson";"";"1";"34.0215";"65.5254";"1551195018000";"1551195279000"
25390;"37";"the René";"Martin Whatson";"";"1";"30.6291";"36.0947";"1551195018000";"1551195113000"
25391;"92";"skull Of";"AweR";"";"1";"44.3005";"50.5376";"1551195018000";"1551195285000"
25392;"47";"Samurai the";"RONE";"";"1";"29.4224";"39.8927";"1551195018000";"1551195349000"
25393;"58";"last Just";"Hyuro";"";"1";"21.8648";"-15.7817";"1551195018000";"1551195315000"
25394;"40";"Rotation Magritte)";"Alex Senna";"";"1";"50.4494";"-102.5914";"1551195018000";"1551195454000"
25395;"26";"when toni";"Alexis Diaz";"";"1";"48.7019";"99.5251";"1551195018000";"1551195229000"
25396;"49";"Efêmero Dismaland";"Christina Angelina";"";"1";"26.199";"-97.7186";"1551195018000";"1551195416000"
25397;"39";"Just the";"Ludo";"";"1";"16.7592";"106.6875";"1551195018000";"1551195241000"
25398;"2";"what The";"Corn79";"";"1";"44.1377";"-103.5413";"1551195018000";"1551195474000"
25399;"63";"Moving the";"Millo";"";"1";"29.5978";"-0.233";"1551195018000";"1551195418000"
25400;"70";"Sin Sweetest";"Fin DAC, Edo Rath & Nol Art";"";"1";"49.062";"-107.9225";"1551195018000";"1551195198000"
25401;"19";"Yorick’s Efêmero";"Low Bros";"";"1";"-28.385";"24.3792";"1551195018000";"1551195068000"
25402;"66";"Rise city";"Alberonero";"";"1";"38.6925";"-98.2917";"1551195018000";"1551195198000"
25403;"65";"Lion Fog";"Dzia Krank";"";"1";"-21.9216";"46.0063";"1551195018000";"1551195392000"
25404;"99";"Kokesh head";"Telmo Miel";"";"1";"54.7364";"108.4668";"1551195018000";"1551195383000"
25405;"72";"donna Una";"Hyuro";"";"1";"47.4157";"34.5157";"1551195018000";"1551195498000"
25406;"37";"wisdom Antipodes";"Dzia Krank";"";"1";"31.3609";"94.3997";"1551195018000";"1551195070000"
25407;"45";"of Creeping";"Rocket01";"";"1";"12.7578";"-9.3732";"1551195018000";"1551195054000"
25408;"11";"cultures American";"SWAN";"";"1";"54.6754";"-104.8326";"1551195018000";"1551195463000"
25409;"87";"Nitpicking and";"Man o Matic";"";"1";"49.6488";"79.2903";"1551195018000";"1551195113000"
25410;"47";"Meanwhile Equality";"Alexis Diaz";"";"1";"14.1332";"46.3022";"1551195018000";"1551195458000"
25411;"83";"Fleet One";"Ludo";"";"1";"48.8416";"133.0348";"1551195018000";"1551195163000"
25412;"64";"Exploding Eagle";"Sepe and Chazme";"";"1";"-37.679";"-64.4671";"1551195018000";"1551195232000"
25413;"89";"fenicottero Under";"Hopare";"";"1";"44.8041";"80.3148";"1551195018000";"1551195456000"
25414;"43";"Earth Stardust";"Ella & Pitr";"";"1";"-32.227";"147.7582";"1551195018000";"1551195109000"
25415;"48";"Nitpicking We";"Muretz";"";"1";"41.2834";"80.0899";"1551195018000";"1551195205000"
25416;"59";"Water Insomnia";"Tellas";"";"1";"43.6089";"84.6936";"1551195018000";"1551195287000"
25417;"81";"dell'anima small";"Pablito Zago";"";"1";"17.1471";"2.3811";"1551195018000";"1551195051000"
25418;"98";"Butterfly Emma";"Mr Cenz";"";"1";"50.4749";"30.414";"1551195018000";"1551195445000"
25419;"87";"Town White";"Mr. THOMS";"";"1";"45.1483";"-121.1764";"1551195018000";"1551195102000"
25420;"1";".PRIMA. Ronald’s";"Dotmasters";"";"1";"43.5453";"130.3413";"1551195018000";"1551195440000"
25421;"59";"Streetoceros breeding";"Cbloxx & AYLO of Nomad Clan";"";"1";"28.7322";"8.295";"1551195018000";"1551195360000"
25422;"16";"One LaBrea";"Nychos";"";"1";"-26.1629";"-66.6819";"1551195018000";"1551195180000"
25423;"4";"Earth Dream";"Case MaClaim";"";"1";"36.4744";"99.2151";"1551195018000";"1551195237000"
25424;"35";"Sailor 100";"Os Gemeos";"";"1";"27.464";"-4.4763";"1551195018000";"1551195205000"
25425;"32";"Streetoceros In";"Telmo Miel and Pariz One";"";"1";"24.0325";"17.0964";"1551195018000";"1551195099000"
25426;"5";"Efêmero and";"Bifido";"";"1";"40.0638";"69.0382";"1551195018000";"1551195260000"
25427;"33";"Nausée Wall";"Mr. Blob and Korvo";"";"1";"25.2489";"42.5456";"1551195018000";"1551195430000"
25428;"51";"Calais Doll";"Fin DAC, Edo Rath & Nol Art";"";"1";"9.0129";"22.0767";"1551195018000";"1551195481000"
25429;"44";"fall? Insomnia";"Aryz";"";"1";"51.3197";"133.0999";"1551195018000";"1551195156000"
25430;"46";"Birds September";"1010";"";"1";"47.9043";"-76.1904";"1551195018000";"1551195409000"
25431;"32";"One on";"Sebas Velasco";"";"1";"49.8616";"96.5393";"1551195018000";"1551195441000"
25432;"25";"Efêmero LaBrea";"Pastel";"";"1";"49.9094";"-76.8871";"1551195018000";"1551195214000"
25433;"38";"Homeless Dog";"Anet Ronen";"";"1";"-34.3502";"-59.5315";"1551195018000";"1551195444000"
25434;"26";"Light the";"1010";"";"1";"-51.687";"-71.2268";"1551195018000";"1551195238000"
25435;"6";"Fog I";"Innerfields";"";"1";"21.8827";"97.6664";"1551195018000";"1551195162000"
25436;"3";"head Insomnia";"Millo";"";"1";"7.1991";"45.9822";"1551195018000";"1551195387000"
25437;"16";"in Story";"Said Dokins";"";"1";"-7.0776";"56.2442";"1551195019000";"1551195341000"
25438;"29";"the Golden";"Lonac";"";"1";"14.0928";"47.3127";"1551195019000";"1551195114000"
25439;"11";"Time Where";"2501";"";"1";"36.6447";"-97.678";"1551195019000";"1551195199000"
25440;"38";"As Rotation";"Case MaClaim";"";"1";"-48.2491";"-74.9553";"1551195019000";"1551195263000"
25441;"54";"and are";"Millo";"";"1";"21.418";"102.7929";"1551195019000";"1551195075000"
25442;"84";"In me";"Nychos";"";"1";"46.3166";"68.8643";"1551195019000";"1551195205000"
25443;"31";"Cruel Save";"Mr.WOODLAND";"";"1";"52.7284";"115.476";"1551195019000";"1551195096000"
25444;"20";"Totoro you";"Pejac";"";"1";"31.9734";"9.8411";"1551195019000";"1551195514000"
25445;"53";"Desert Fog";"Jayn";"";"1";"-42.1496";"-71.4053";"1551195019000";"1551195063000"
25446;"42";"Reminiscence Early";"Man o Matic";"";"1";"47.4672";"-103.1065";"1551195019000";"1551195334000"
25447;"69";"Zattera When";"Ludo";"";"1";"35.8241";"-101.6951";"1551195019000";"1551195147000"
25448;"53";"// Homage";"Ludo";"";"1";"48.1969";"35.7578";"1551195019000";"1551195398000"
25449;"43";"The Rest";"Hilda Palafox";"";"1";"-2.2931";"30.8729";"1551195019000";"1551195415000"
25450;"92";"Efêmero Clones";"Aaron Li-Hill";"";"1";"35.2148";"-89.4523";"1551195019000";"1551195128000"
25451;"16";"Wake Eagle";"Nychos";"";"1";"20.4266";"26.829";"1551195019000";"1551195483000"
25452;"29";"Rise of";"GLeo";"";"1";"0.922";"11.8276";"1551195019000";"1551195065000"
25453;"11";"Seeker Meanwhile";"BEZT";"";"1";"47.1918";"41.4747";"1551195019000";"1551195191000"
25454;"31";"Risveglio LaBrea";"Etam Cru";"";"1";"53.2643";"124.1255";"1551195019000";"1551195372000"
25455;"54";"& Medusa";"Airborne Mark";"";"1";"45.5569";"101.0199";"1551195019000";"1551195206000"
25456;"82";"We Guard";"Li-Hill";"";"1";"33.5505";"78.3197";"1551195019000";"1551195085000"
25457;"88";"Prosperity Arctic";"Remed";"";"1";"-16.8292";"-66.635";"1551195019000";"1551195510000"
25458;"25";"My .PRIMA.";"SETH Globepainter";"";"1";"-12.2352";"-40.3683";"1551195019000";"1551195153000"
25459;"1";"Blind of";"Phlegm and Mum";"";"1";"9.5532";"-2.9003";"1551195019000";"1551195469000"
25460;"7";"Sin Jungle";"Millo";"";"1";"11.5343";"-12.637";"1551195019000";"1551195162000"
25461;"66";"There Antipodes";"Pejac";"";"1";"50.776";"92.3486";"1551195019000";"1551195167000"
25462;"90";"Search American";"WD aka Wild Drawing";"";"1";"50.5942";"-105.4684";"1551195019000";"1551195043000"
25463;"85";"Arctic One";"Pejac";"";"1";"26.9387";"-106.1975";"1551195019000";"1551195234000"
25464;"5";"Efêmero Under";"Brusk";"";"1";"27.5513";"92.5407";"1551195019000";"1551195485000"
25465;"11";"That My";"WD aka Wild Drawing";"";"1";"-4.89";"-59.4959";"1551195019000";"1551195297000"
25466;"73";"of Reminiscence";"Dulk";"";"1";"-2.0739";"29.0943";"1551195019000";"1551195195000"
25467;"42";"Women The";"C215";"";"1";"18.6693";"15.9768";"1551195019000";"1551195128000"
25468;"32";"Jack Sunrise";"Hyuro";"";"1";"-20.6619";"-63.0204";"1551195019000";"1551195329000"
25469;"79";"Rescue Blind";"Nychos";"";"1";"-28.2423";"28.9611";"1551195019000";"1551195412000"
25470;"25";"head Banksia";"Case MaClaim";"";"1";"45.85";"23.5019";"1551195019000";"1551195511000"
25471;"82";"In the";"BIK ISMO";"";"1";"44.6198";"-113.4989";"1551195019000";"1551195279000"
25472;"47";"Mother’s Time";"Cbloxx & AYLO of Nomad Clan";"";"1";"5.013";"102.2008";"1551195019000";"1551195121000"
25473;"24";"Kokesh The";"Alexis Diaz";"";"1";"-23.1981";"116.8875";"1551195019000";"1551195192000"
25474;"75";"Act .PRIMA.";"BIK ISMO";"";"1";"-1.8405";"17.6204";"1551195019000";"1551195376000"
25475;"99";"Clones Birds";"Pixel Pancho";"";"1";"-27.7213";"144.3363";"1551195019000";"1551195176000"
25476;"75";"Quarry Lost";"Daniel Padure";"";"1";"45.898";"-73.0162";"1551195019000";"1551195293000"
25477;"73";"to Women";"Fintan Magee";"";"1";"46.4483";"-88.1775";"1551195019000";"1551195356000"
25478;"54";"Sweetest of";"Okuda";"";"1";"41.7039";"8.8269";"1551195019000";"1551195465000"
25479;"4";"in After";"Greg Gossel";"";"1";"-9.6282";"29.2897";"1551195019000";"1551195173000"
25480;"22";"Grow Calais";"Ludo";"";"1";"-10.6339";"-43.7089";"1551195019000";"1551195374000"
25481;"28";"Taaniko Talk";"Phlegm and Mum";"";"1";"3.5018";"101.3913";"1551195019000";"1551195220000"
25482;"59";"Water Likeism";"Li-Hill";"";"1";"-24.3463";"-62.1609";"1551195019000";"1551195515000"
25483;"63";"Clones Prosperity";"Eversiempre";"";"1";"43.8243";"69.0806";"1551195019000";"1551195273000"
25484;"69";"Keep Risveglio";"Strøk";"";"1";"-36.7422";"-58.2646";"1551195019000";"1551195369000"
25485;"68";"butterfly Future";"Jayn";"";"1";"41.6773";"-81.174";"1551195019000";"1551195345000"
25486;"46";"The to";"Seth";"";"1";"51.3309";"-109.725";"1551195019000";"1551195148000"
25487;"66";"Day Equality";"Levalet";"";"1";"42.6363";"96.31";"1551195019000";"1551195077000"
25488;"45";"Fall Calais";"Corn79";"";"1";"-7.4015";"-71.5404";"1551195019000";"1551195111000"
25489;"81";"Kind give";"Etam Cru";"";"1";"20.939";"1.5544";"1551195019000";"1551195385000"
25490;"78";"muse butterfly";"Martin Ron";"";"1";"-5.2845";"22.2356";"1551195019000";"1551195290000"
25491;"67";"City Insomnia";"Lonac";"";"1";"39.3969";"26.4146";"1551195019000";"1551195202000"
25492;"95";"- Suvannamaccha";"Fintan Magee";"";"1";"42.9496";"12.9438";"1551195019000";"1551195432000"
25493;"80";"Golden The";"Martin Ron";"";"1";"-18.6968";"146.6535";"1551195019000";"1551195134000"
25494;"61";"Launcher Rotation";"Guido van Helten";"";"1";"23.3687";"51.9662";"1551195019000";"1551195400000"
25495;"66";"Doll Huli";"Violant";"";"1";"18.0314";"-66.7203";"1551195019000";"1551195242000"
25496;"58";"international Nelu";"David MEGGS Hooke";"";"1";"29.6742";"109.328";"1551195019000";"1551195282000"
25497;"57";"Half Trees";"Banksy";"";"1";"50.9787";"65.4676";"1551195019000";"1551195299000"
25498;"71";"up Rescue";"Deih";"";"1";"54.8657";"157.8432";"1551195019000";"1551195247000"
25499;"92";"and Scream";"Agostino Iacurci";"";"1";"25.9665";"91.8402";"1551195019000";"1551195263000"
25500;"56";"in Wall";"Okuda San Miguel";"";"1";"54.9218";"166.6756";"1551195019000";"1551195398000"
